Kshitish Deshpande
PE26
Panel 5
Assignment 2a

----------------------------------------------------------------------------------------------------------------------

Queries on single table

----------------------------------------------------------------------------------------------------------------------

• Retrieve dob and address of employee whose name is Mahesh Kumar (or some other name for me - lets go with nezuko)

mysql> select dob, address from employee where name = 'Nezuko';
+------------+----------------------------------+
| dob        | address                          |
+------------+----------------------------------+
| 1988-12-28 | #1, McPa Society Wing B5, Naples |
+------------+----------------------------------+
1 row in set (0.00 sec)


• Distinct salary

mysql> select distinct salary, ssn from employee;
+-----------+-----+
| salary    | ssn |
+-----------+-----+
|  90341.82 | 101 |
| 100460.81 | 102 |
|   9376.33 | 103 |
|  21150.18 | 104 |
|  89509.81 | 105 |
| 128259.23 | 106 |
| 187912.86 | 107 |
|  92163.12 | 108 |
| 119826.50 | 109 |
|  85413.35 | 110 |
+-----------+-----+
10 rows in set (0.00 sec)


• retrieve all employees whose address is in hyedrabad, ap (lets go with naples for our table)

mysql> select * from employee where address like '%Naples%';
+-----+--------+------------+------------+----------------------------------+-----------+------+-------+--------+
| SSN | Name   | DOB        | StDate     | Address                          | Salary    | Sex  | DNo   | SupSSN |
+-----+--------+------------+------------+----------------------------------+-----------+------+-------+--------+
| 102 | Harry  | 1991-10-02 | 2014-05-04 | #1, McPa Society Wing B5, Naples | 100460.81 | m    | 10321 |    108 |
| 107 | Yunhua | 1990-02-03 | 2012-10-07 | #1, McPa Society Wing B5, Naples | 187912.86 | f    | 10322 |    109 |
| 110 | Nezuko | 1988-12-28 | 2014-12-15 | #1, McPa Society Wing B5, Naples |  85413.35 | f    | 10324 |    107 |
+-----+--------+------------+------------+----------------------------------+-----------+------+-------+--------+
3 rows in set (0.11 sec)


• Find all employees who were born during 1980s

mysql> select * from employee where dob between '1980-01-01' and '1989-12-31';
+-----+-----------+------------+------------+----------------------------------+-----------+------+-------+--------+
| SSN | Name      | DOB        | StDate     | Address                          | Salary    | Sex  | DNo   | SupSSN |
+-----+-----------+------------+------------+----------------------------------+-----------+------+-------+--------+
| 104 | Tom       | 1989-06-03 | 2017-08-15 | #9, Astra Residency, New Jersey  |  21150.18 | m    | 10321 |    106 |
| 109 | Quitterie | 1987-05-29 | 2013-03-28 | #23, Winston Street, Brooklyn    | 119826.50 | f    | 10325 |    102 |
| 110 | Nezuko    | 1988-12-28 | 2014-12-15 | #1, McPa Society Wing B5, Naples |  85413.35 | f    | 10324 |    107 |
+-----+-----------+------------+------------+----------------------------------+-----------+------+-------+--------+
3 rows in set (0.14 sec)


• Find salary which is between 80,000 and 90,000

mysql> select salary from employee where salary between 80000 and 90000;
+----------+
| salary   |
+----------+
| 89509.81 |
| 85413.35 |
+----------+
2 rows in set (0.00 sec)


• All employees who do not have supervisors

mysql> select * from employee where supssn is NULL;
+-----+--------+------------+------------+----------------------------------+----------+------+-------+--------+
| SSN | Name   | DOB        | StDate     | Address                          | Salary   | Sex  | DNo   | SupSSN |
+-----+--------+------------+------------+----------------------------------+----------+------+-------+--------+
| 110 | Nezuko | 1988-12-28 | 2014-12-15 | #1, McPa Society Wing B5, Naples | 85413.35 | f    | 10324 |   NULL |
+-----+--------+------------+------------+----------------------------------+----------+------+-------+--------+
1 row in set (0.00 sec)


• Delete details from employee table whose last name is verma

mysql> delete from employee where name = 'verma';
Query OK, 1 row affected (0.25 sec)


• Change the location and controlling dept number of project number 10 to brooklyn and 10325

mysql> update project
    -> set location = 'Brooklyn', dno = 10325
    -> where pno = 10;
Query OK, 1 row affected (0.19 sec)
Rows matched: 1  Changed: 1  Warnings: 0